udise_code,school_name
27201006602,Aarudh Vidyalaya Mhalsakore
27201001406,Abhinav Bal Vikas Mandir Chatori
27201002105,Abhinav Bal Vikas Mandir Deogaon
27201006606,Abhinav Bal Vikas Mandir Mhalsakore
27201007009,Abhinav Bal Vikas Mandir Nandur Madhyameshwar
27201007107,Abhinav Bal Vikas Mandir Nandurdi
27201008711,Abhinav Bal Vikas Mandir Pimpalgaon (B)
27201010206,Abhinav Bal Vikas Mandir Saikheda
27201007911,"Abhinav Bal Vikas, Ozar"
27201006505,Abhinav Balvikas Mandir Muje Sukene
27201008812,Adarsh Eng Med Sch Pimpalgaon B
27201007617,Adarsh English Medium School Niphad
27201007931,Adarsh English Medium Secondary School Ozar Mig
27201007923,Adarsh English School Ozar Mig
27201005202,Adarsh Mad Vid Kotamgaon
27201009003,Adarsh Madyamik & Jr College Pimpalgaon Nipani
27201001612,Adarsh Pri School Chandori
27201006702,Anu Ashram Pri Sch Mukhed
27201009702,Anu Jati And Nav Buddha Boys School Niphad
27201006703,Anu Secondary & Higher Secondary Ashram School Mukhed
27201011303,Anudanit Prat. Ash.Sch.Sonewad
27201008713,Apple Public School Pimpalgaon Baswant
27201007924,Art Commerce Science Collage Ozar
27201008808,Bhimashankar English Pimpalgaon B
27201008811,Bhimashankar Pri School Pimpalgaon
27201008709,Brahma Valley English Medium School Pimpalgaon Baswant
27201013402,Cha.Shivaji Sec.& High Sec.Vidyalay Vanasgaon
27201012506,Cha.Shivaji High School Ugaon
27201005103,Cha.Shivaji Vid.Kokangaon
27201002103,D.R.B Vidyalaya Devgaon Taluka Niphad
27201007616,Dnyandeep English Medium School Niphad
27201006607,Dnyandeep English School Mhalsakore
27201003702,Dnyanvardhini Public School Jivale Tal Niphad
27201007612,English Medium Sch Niphad Secondary Niphad
27201005808,English Medium School Kalagidhar
27201007605,English Medium School Niphad
27201008604,Gitai Wagh Kanya Vidyalaya Bhausaheb Nagar
27201010403,Godavari Madhyamik Vidyalaya Shingave
27201008810,Gokhle Edu Soc English School Pimpalgaon B
27201007928,Golden Days Universal School Ozar
27201007932,Golden Days Universal School Ozar Taluka Niphad
27201008714,Golden Wings English Medium School Pimpalgaon Baswant
27201007919,H.A.L Primary English School Ozar Township
27201007918,H.A.L.High School English Med Ozar Township
27201007917,H.A.L.High School Marathi Med Ozar Township
27201010208,Hidden Gems English Medium School Saikheda
27201007613,Hiteshkumar Jain English Medium School Niphad
27201007618,Horizon Academy Niphad
27201008717,Horizon Academy Pimpalgaon Baswant
27201005804,Jain Prathamik Shikshan Mandir Lasalgaon
27201002702,Janata Vidyalaya Dindori (Tas)
27201010502,Janata Vidyalaya Shirasgaon
27201010203,Janta Enghlish School & Jr. College Saikheda
27201010302,Janta Vid Shirwade (Va)
27201011802,Janta Vid. Tamaswadi
27201000102,Janta Vidyalaya Ahergaon
27201001404,Janta Vidyalaya Chatori
27201004104,Janta Vidyalaya Karanjgaon
27201004602,Janta Vidyalaya Karsul
27201006903,Janta Vidyalaya Naitale
27201007102,Janta Vidyalaya Nandurdi
27201008805,Janta Vidyalaya Pimpalgaon
27201005809,Jijamata Kanya Vidyalaya Lasalgaon
27201005803,"Jijamata Pri Vid , Lasalgaon"
27201009204,K. K. Wagh Junior College Kakasaheb Nagar
27201008609,K. K. Wagh Junior College Pimpalas (Ramache)
27201012807,K.B.Patil Mad Vidyalay Vinchur
27201012806,K.Bhau Patil Vidyalaya Vinchur
27201008611,K.K. Wagh Cbse School Bhausahebnagar
27201001615,K.K. Wagh English School Chandori
27201009205,K.K. Wagh English School Kakasahebnagar
27201008612,K.K. Wagh Prathmik Vidyabhavan Bhausahebnagar Pimpri
27201008708,K.K.Wagh College Pimpalgaon Baswant
27201008608,K.K.Wagh Mad.Vidya Pimpalas
27201008603,K.K.Wagh Vidyabhavan Bhausaheb Nagar
27201008607,K.M.K.B.'S English Medium Sch Bhausaheb Nagar
27201006503,"K.R.T.Vidyalaya , M.Sukene"
27201007005,K.T.B.Vidya Nandur Madhyameshwa
27201007010,K.T.B.Vidyalaya & Junior College Nandur Madhyameshwar
27201008809,Kai. M. L. Jadhav Kan. Vid.Pimpalgaon B
27201001802,Karmveer Dr Vasantrao Pawar Janta Vidaylaya Datyane
27201007614,Karmveer Ganpatdada More College Niphad
27201010603,Kavivarya Kusumagraj Madhymik &Higher Secondary Vidyalaya Shirwade Wani
27201007922,Kendriy Vidaylaya Ozar Mig
27201010604,Kusumagraj Abhinav Bal Vikas Mandir Shirwade Wani
27201005805,"Loknete Dattaji Patil Mad. Vid, Lasalgao"
27201007611,M. J Son Madhymik Ashram School Niphad
27201007606,"M. J Soni Pri Ashram School, Niphad"
27201002302,M.V.P. Janata Vid. Dharangaon Khadak
27201009904,Ma.Boraste Vidyalaya Sakore Mig
27201012102,Mad Vidyamandir Talwade
27201007913,"Madhavrao Boraste Madya ,Ozar"
27201009804,Madhy.Vidy. Sarole Thadi
27201001103,Madhyamik Vidyalaya Bhendali
27201002202,Madhyamik Vidyalaya Dharangaon Veer
27201008202,Madyamik Vidaylaya Pachore Budruk
27201009002,Madyamik Vidyalaya Pimpalgaon Nipani
27201003204,Madyamik Vidyalaya Gondegaon
27201010802,Madyamik Vidyalaya Shivare
27201011302,"Madyamik Vidyalaya Sonewadi,Budruk"
27201002902,Madyamik Vidyamandir Dongargaon
27201005806,"Mahaveer High Sch, Lasalgaon"
27201009703,Matoshri Jasodabai Soni Junior College Rasalpur
27201001614,Modern English Medium School Chandori
27201006904,Modern English Medium School Naitale
27201005807,"National Urdu High Sch , Lasalgaon"
27201013303,Navchaitanya English Medium School Varhedarna
27201007914,"Navin English School, Ozar"
27201009302,Ndmvp Janta Vid Ramnagar
27201012810,New Blossoms Eng Med Sch Vinchur
27201008103,New English Sch Palkhed
27201001609,New English School Chandori
27201009503,New English School Rui
27201012004,New English School Takali Vinnchur
27201001705,New Gurukul Public School Chitegaon
27201004303,New Gurukul Public School Kherwadi
27201007607,"Niphad English School ,Niphad"
27201004803,Nutan Mady Vid Khadak Malegaon
27201001703,Nutan Madyamik Vidyalaya Chitegaon
27201008903,Nutan Vidya Prasarak Mandals English Medium School
27201005811,Nvt Mandal Arts Com Scinence College Lasalgaon
27201007912,Ozar Vikas Vishwasatty Eng Med School
27201004404,P. T. Vid Khedale Zunge
27201006905,Parvati English Medium School Naitale
27201008807,Pimpalgaon High School Pimpalgaon B
27201008716,Pimpamgaon High School Pimpalgaon Baswant
27201007930,Podar International School Ozar
27201013802,Pri. Ashram School Sawargaon
27201008712,Radiant International School For Excellence Pimpalgaon Baswant
27201007929,Ryan International School Ozar
27201007008,Sadguru English Medium School Nandur Madhyameshwar
27201012812,Samarth Prathamik Vidyalaya Vinchur
27201005812,Sanskar English Medium School Lasalgaon
27201004902,Sant Janardan Swami Vidyalaya (Gurukul) Khede
27201005802,"Saraswati Vidyamandir, Lasalgaon"
27201005813,"Saraswati Madhyamik Vidhyalaya, Lasalgaon"
27201007609,Saraswati Vidyalaya Niphad
27201012002,"Seventh Day Lasalgaon, Takali Vinchur"
27201009203,Shri Chhatrapati Shivaji Maharaj Sec & Higher Sec School Kakanagar
27201009704,Shrimahiman International School Niphad
27201013302,Smt Anu.Madyamik Vid And Loknete Khanderao Govind Sanap Ucch Madhyamik Vid Varhedarna
27201005502,Swa.Vivekananad Vid Kundewadi
27201005302,Swatantray Veer Savarkar Vidyalaya Kothure
27201001704,Universal English Medium School Chitegaon
27201008804,Urdu High School Pimpalgaon
27201007608,Vainateya Madyamik Vidyalaya Niphad
27201007604,"Vainateya Prathamik, Niphad"
27201003905,Vidya Valley Public School Kasabe Sukene
27201007925,Vishwasattya Arts Com College Ozar
27201001902,Yogeshwar Vidyalaya Dawachwadi
27201004405,Yogiraj Tukaram Baba Gurukul Khedale Zunge
27201012809,Z P.School Aranaishwar Vinchur
27201012808,Z P.School Kurushnwadi Vinchur
27201008201,Z. P. School Pachore Budruk
27201008203,Z. P. School Pratap Sagar
27201000301,Z.P. Pri School Aurangpur
27201007916,Z.P. School Ozar Township
27201008602,Z.P. School Bhausaheb Nagar
27201003901,Z.P. School Kasabe Sukene
27201006902,Z.P. School Naitale
27201007402,Z.P. School Nandur Khurd
27201007902,Z.P. School Ozar Boys
27201007903,Z.P. School Ozar Girls
27201009502,Z.P. School Rui
27201010401,Z.P. School Shingave
27201012502,Z.P. School Ugaon
27201005810,Z.P. Urdu School Lasalgaon
27201003801,Z.P.Pri School Kanlad
27201011101,Z.P.Sch Bagalwadi (Shrirampur)
27201010901,Z.P.Sch Kolwadi (Shriramnagar)
27201002502,Z.P.School Dongarwadi (Darnasangi)
27201007007,Z.P.School Durganagar (Nandur M)
27201007006,Z.P.School Janardhan Nagar (N M)
27201011502,Z.P.School Karewasti Songaon
27201008105,Z.P.School Khairewasti (Pal)
27201011304,Z.P.School Malwasti (S B)
27201012507,Z.P.School Mapari Wast (Ugaon)
27201012602,Z.P.School Mhasobawasti (Vavi T)
27201002203,Z.P.School Nikamwasti (D V)
27201007003,"Z.P.School , Shindewasti"
27201000101,Z.P.School Ahergaon
27201007610,Z.P.School Ahilyadevinagar
27201009101,Z.P.School Ambewadi (Rampur)
27201000201,Z.P.School Antarveli
27201010503,Z.P.School Argadewasti
27201012402,Z.P.School Atharevasti
27201000601,Z.P.School Banganganagar
27201009903,Z.P.School Barad Vasti
27201000902,Z.P.School Baradwasti (B V)
27201003903,Z.P.School Begharvasti Kasabe Sukene
27201013403,Z.P.School Begharwasti (Van)
27201000701,Z.P.School Behed
27201007905,Z.P.School Bhadake Wasti
27201001607,Z.P.School Bhairavnathnagar
27201000401,Z.P.School Bharvas
27201008801,Z.P.School Bhaunagar
27201002102,Z.P.School Bhavani Nagar
27201001101,Z.P.School Bhendali No 1
27201000501,Z.P.School Bhuse
27201001201,Z.P.School Bokaddare
27201009902,Z.P.School Boraste Vasti
27201004402,Z.P.School Bormatha
27201000901,Z.P.School Brahamangaon (V)
27201000801,Z.P.School Brahamangaon Vi
27201001001,Z.P.School Brahamanwade
27201001603,Z.P.School Chandori
27201001501,Z.P.School Chapadgaon
27201001401,Z.P.School Chatori
27201012803,Z.P.School Chavan Vasti
27201001301,Z.P.School Chehadi
27201001701,Z.P.School Chetegaon
27201003906,Z.P.School Dagadkhan Kasabe Sukene
27201002001,Z.P.School Dahegaon
27201002501,Z.P.School Darana Sangvi
27201000402,Z.P.School Dattanagar
27201001801,Z.P.School Datyane
27201001901,Z.P.School Dawachwadi
27201002101,Z.P.School Devgaon
27201002104,Z.P.School Devgaonphata
27201008706,Z.P.School Devicha Matha
27201002401,Z.P.School Devpur
27201002601,Z.P.School Dhanore
27201002301,Z.P.School Dharangaon Khadak
27201002201,Z.P.School Dharangaon Veer
27201002801,Z.P.School Dikshi
27201002701,Z.P.School Dindori
27201002901,Z.P.School Dongargaon
27201007105,Z.P.School Fugatwasti (Nandurdi)
27201001606,Z.P.School Gadakwasti
27201007908,Z.P.School Gadekarwasti
27201003001,Z.P.School Gajarwadi
27201001402,Z.P.School Gangawadi
27201001403,Z.P.School Ganpeerwadi
27201011202,Z.P.School Gavthanwasti (Shimpi T)
27201010202,Z.P.School Godanagar
27201003301,Z.P.School Golegaon
27201003101,Z.P.School Gondegaon
27201003201,Z.P.School Gondegaon
27201003401,Z.P.School Gorthan
27201005104,Z.P.School Haiwaybaradwasti (Kok)
27201001105,Z.P.School Halotichmatha(Bhe. No 1)
27201003501,Z.P.School Hanumannagar
27201003203,Z.P.School Jagdalewasti
27201008104,Z.P.School Jagzapwasti (Pal)
27201001604,Z.P.School Jai Durganagar
27201003601,Z.P.School Jalgaon
27201003701,Z.P.School Jivale
27201009202,Z.P.School Kakanagar
27201004101,Z.P.School Karanjgaon
27201004001,Z.P.School Karanji Khurd
27201004601,Z.P.School Karsul
27201004403,Z.P.School Karwadi
27201004201,Z.P.School Kathargaon
27201004801,Z.P.School Khadak Malegaon
27201000302,Z.P.School Khalkarwasti(Bhe. No 2)
27201004701,Z.P.School Khangaon Nazik
27201004501,Z.P.School Khangaon Thadi
27201007103,Z.P.School Khaprewasti (Nandurdi)
27201004401,Z.P.School Khedale Zunge
27201004901,Z.P.School Khede
27201004301,Z.P.School Kherwadi Taluka Niphad
27201005101,Z.P.School Kokangaon
27201005001,Z.P.School Kolgaon
27201005201,Z.P.School Kotamgaon
27201005301,Z.P.School Kothure
27201005303,Z.P.School Kothurephata
27201005401,Z.P.School Kumbhari
27201005501,Z.P.School Kundewadi
27201003202,Z.P.School Kuran Vasti
27201005601,Z.P.School Kurudgaon
27201010204,Z.P.School Kutewasti Saikheda
27201005701,Z.P.School Lalpadi
27201005801,Z.P.School Lasalgaon
27201012001,Z.P.School Lasalgaon Station Takali Vinchur
27201001405,Z.P.School Limbalvanwasti (Chatori)
27201005901,Z.P.School Lonwadi
27201006001,Z.P.School Mahadevnagar
27201006801,Z.P.School Mahajanpur
27201005002,Z.P.School Malchari
27201012804,Z.P.School Mali Vasti
27201011002,Z.P.School Malwadi
27201006301,Z.P.School Manjargaon
27201006401,Z.P.School Manori Khurd
27201006402,Z.P.School Manori Phata (M K)
27201006101,Z.P.School Maralgoi Budruk
27201006201,Z.P.School Maralgoi Khurd
27201006501,Z.P.School Mauje Sukene
27201006601,Z.P.School Mhalsakore
27201006701,Z.P.School Mukhed
27201007501,Z.P.School Nagapur
27201007201,Z.P.School Nandgaon
27201007001,Z.P.School Nandur Madhameshywar
27201007101,Z.P.School Nandurdi
27201007301,Z.P.School Narayanthembhi
27201007202,Z.P.School Nikamwasti (Nandgaon)
27201007701,Z.P.School Nimgaon Vakda
27201007601,Z.P.School Niphad No-1
27201007602,Z.P.School Niphad No-2
27201007104,Z.P.School Niphadewasti (Nandurdi)
27201001605,Z.P.School Onevat
27201007801,Z.P.School Oune
27201008301,Z.P.School Pachore Khurd
27201008001,Z.P.School Pachore Wani
27201007909,Z.P.School Pagarwasti
27201008101,Z.P.School Palkhed
27201008401,Z.P.School Panchakeshwar
27201012504,Z.P.School Panewadi
27201008901,Z.P.School Pimpalgaon Najik
27201009001,Z.P.School Pimpalgaon Nipani
27201008701,Z.P.School Pimpalgaon No-1
27201008702,Z.P.School Pimpalgaon No-2
27201008704,Z.P.School Pimpalgaon No-4
27201008705,Z.P.School Pimpalgaon Urdu
27201008501,Z.P.School Pimpari
27201011003,Z.P.School Railway Station Shivdi
27201006502,Z.P.School Railway Station Sukene
27201004103,Z.P.School Rajole Vasti
27201009301,Z.P.School Ramnagar
27201008802,Z.P.School Ranmala
27201001702,"Z.P.School Ranmala, Chetegaon"
27201009201,Z.P.School Ranwad
27201009701,Z.P.School Rasalpur
27201009601,Z.P.School Raulas
27201004802,Z.P.School Rayate Vasti
27201009401,Z.P.School Redgaon
27201010201,Z.P.School Saikheda
27201008707,Z.P.School Sainagar
27201009901,Z.P.School Sakore Mig
27201010001,Z.P.School Sarole Khurd
27201009801,Z.P.School Sarole Thadi
27201010101,Z.P.School Sawali
27201013801,Z.P.School Sawargaon
27201002204,Z.P.School Shaikhwasti (D Veer)
27201008902,Z.P.School Shasri Nagar
27201008803,Z.P.School Shasrinagar
27201007907,Z.P.School Shejwalwadi
27201011201,Z.P.School Shimpi Taklee
27201008102,Z.P.School Shindewasti
27201010501,Z.P.School Shirasgaon
27201010301,Z.P.School Shirwade (Va)
27201010601,Z.P.School Shirwade Wani
27201010701,Z.P.School Shivapur
27201010801,Z.P.School Shivare
27201011001,Z.P.School Shivdi
27201007906,Z.P.School Sonewadi
27201011301,Z.P.School Sonewadi Budruk
27201011401,Z.P.School Sonewadi Khurd
27201011501,Z.P.School Songaon
27201011601,Z.P.School Subhashnagar
27201011701,Z.P.School Sundarpur
27201012003,Z.P.School Takali Vinchur
27201001610,Z.P.School Talegaon Vat
27201012101,Z.P.School Talwade
27201011801,Z.P.School Tamaswadi
27201011901,Z.P.School Tarukhedale
27201012201,Z.P.School Thergaon
27201012301,Z.P.School Thetale
27201011503,Z.P.School Tumbadewasti Songaon
27201012401,Z.P.School Umbarkhed
27201013001,Z.P.School Vadali Najik
27201013201,Z.P.School Vahegaon
27201013101,Z.P.School Vakad
27201013401,Z.P.School Vanasgaon
27201007106,Z.P.School Varadvinayak Vasti (Nandurdi)
27201013301,Z.P.School Varhedarna
27201012601,Z.P.School Vavi Thushi
27201013501,Z.P.School Velapur
27201012801,Z.P.School Vinchur
27201012701,Z.P.School Vishnu Nagar
27201012901,Z.P.School Vitthal Wadi
27201006603,Z.P.School Walkewasti (Mhalsakore)
27201012805,Z.P.Urdu School Vinchur
27201007910,"Z.P.Urdu School, Ozar"
27201008606,Zp Primary School Pimpalas
27201002903,Zp. School Nagare Vasti Dongargaon
27200202203,Abhinav Bal Vikas Mandir Devargaon
27200202507,Abhinav Bal Vikas Mandir Dhodambe
27200202705,Abhinav Bal Vikas Mandir Dhondgavan
27200207206,Abhinav Bal Vikas Mandir Paregaon
27200210615,Abhinav Bal Vikas Mandir Vadner Bhairav
27200201310,Abhinav Pri Vidya Chandwad
27200210309,Abinav Balvikas Mandir Vadalibhoi
27200206102,Adarsh Nutan Madyamik Vidyalaya Mangrul
27200208803,B.L.Jadhav Mad.Vidd Shelu
27200201101,Bharatratna Atalbihari Vajpayee International School Bhoyegaon
27200209802,Cha. Shivaji Vidy. Tisgaon
27200203804,Dhruv International School Dasarwadi (Hirapur)
27200202506,Gorakshnath English Midium Sch Dhodambe
27200202505,Gorakshnath Prathmik Vidyamandir Dhodambe
27200207204,Govtpost Basic Ashram Paregaon
27200201317,Hajrat Jumman Sahabukhari Urdu
27200208504,Higher Secondry Collage Sogras
27200201316,J.R.G Vidyalaya Chandwad
27200201803,Janata Vidyalaya Dahegaon
27200210607,Janta Vidaya Vadner Bhairav
27200207703,Janta Vidyalay Pimpalnare
27200207704,Janta Vidyalay Pimpalnare (Upper Primary)
27200205302,"Janta Vidyalay, Kundalgaon"
27200202202,Janta Vidyalaya Devargaon
27200200302,Janta Vidyalaya Asarkhede
27200205002,Janta Vidyalaya Kajisanghavi
27200204602,Janta Vidyalaya Kalkhode
27200206202,Janta Vidyalaya Nhanave
27200206802,Janta Vidyalaya Nimon
27200207205,Janta Vidyalaya Paregaon
27200207503,Janta Vidyalaya Pimpalad
27200207803,Janta Vidyalaya Puri
27200208902,Janta Vidyalaya Shinde
27200208702,Janta Vidyalaya Sutarkhede
27200210002,Janta Vidyalaya Uswad
27200210303,Janta Vidyalaya Vadali Bhoi
27200202504,K.K.Vagh Sec Vidyalay Dhodambe
27200209003,Kanchan Sudha International School Singave
27200203102,Karm Adv Baburao Ganpatrao Thakare Janata Vidyalaya Ganur
27200201802,Kha. Ashram High Pri Dahegaon
27200208003,Kha. Ashram Sch Rajdarwadi
27200205702,Kha. Ashram School Kheldari Pra
27200205703,Kha. Ashram School Kheldari Sec
27200201312,Kha. Pri Sch Jadhav Vasti Chan
27200201311,Khasgi Pri Sch Gurukulnagar Ch
27200206004,Knowledge English Medium School Mesankhede Kh
27200201002,Lok Mad Vidya Bhayale
27200205503,Loknete Va. Hire Ashram
27200203803,Mad Vid. Dasarwadi (Hirapur)
27200205603,Mad. Vidyalaya Khadak Ozar
27200205504,Madhyamik Ashram School Khadakjam
27200207102,Madhyamik Vidyalaya Parsul
27200207903,Madyamik Vid Rahud
27200209002,Madyamik Vidyalaya Shingave
27200210503,Madyamik Vidyalaya Vadgaon Pangu
27200210702,Madyamik Vidyalaya Vaghdardi
27200210902,Madyamik Vidyalaya Vaki Bud
27200201703,"Mah.Phule Mad Vid, Dugaon"
27200201318,Maharani Usharaje Holkar Madhymik Vidyalay Chandwad
27200201706,Mahatma Phule English Medium School Dugaon
27200210613,Mvp Sunrise School Vadner Bhairav
27200201319,N B Jadhav Madhyamik Vidyalaya Chandwad
27200200202,New English School Adgaon
27200202706,New English School And Junior College Dhondgavan
27200202704,New English School Dhondgavan
27200200403,Nutan Madyamik Vid Bahaduri
27200200902,Nutan Madyamik Vid Bhatgaon
27200201322,Odysseus International School Chandwad
27200204702,Punyashlok Ahilyadevi Mad Vid Kanadgaon
27200209705,Sant Dnyaneshwar Madhymik & Uchhmadhymik Vidyalay Talegaon Rohi
27200210803,Sant Dyaeshwar Mad Vid Vahega
27200203202,Santjanardan Swami Vid Gangave
27200204802,Secondary Vidyalaya Kanmandale
27200210310,Shivneri English Medium School Vadalibhoi
27200201102,Shri Kacharnath Swami Madhymik Vidyalay Bhoyegaon
27200206803,Shri Sarvadnya English Medium School Nimon
27200206002,Shrikri. Vid. Mesankhede K
27200207403,Shrikrushna Sec Vid Patharshembe
27200201320,Shrima P.D. Surana Arts Commerce & Science College Chandwad
27200208203,Shriram Mad.Vid. Raipur
27200205505,Shubh Saraswati English Medium Sch Khadakjam
27200201313,Snjbs Late Shri Dhanrajji Mishrilalji Bhansali English Medium School Neminagar Chandwad
27200201321,Snjbs Late Shri Dhanrajji Mishrilalji Bhansali English Medium School Neminagar Chandwad
27200208502,Sr Ajitdada Pawar Madv Sogras
27200201309,Sr Neminath Jain Pri Sch Chand
27200201315,Sr.Neminath Jain Vid Chandwad
27200209902,Sr.Sant Dyaneshwar Vid Urdhule
27200201602,Swami Vivekanand Vidyalaya Dighwad
27200201103,Uujawal English Medium School Bhoyegaon
27200202302,Vikas Madyamik Vidyalaya Daregaon
27200201401,Z. P. Primari School Chinchole
27200200802,Z. P. Primary School Bharveer
27200201201,Z. P. Primary School Bhutane
27200201301,Z. P. Primary School Chandwad Boys
27200203101,Z. P. Primary School Ganur
27200206101,Z. P. Primary School Mangrul
27200209601,Z. P. Primary School Talwade
27200210304,Z.P. Girls Sch. Vadali Bhoi
27200206103,Z.P. Prat. Sch. Shelkewasti
27200201314,Z.P. Primary School Chandwad Urdu
27200202401,Z.P.High Pri School Dudhakhede
27200208503,Z.P.Pir School Pabhal Vasti
27200208501,Z.P.Pir School Sogras
27200209702,Z.P.Pri Sch Bajarang Nagar
27200210604,Z.P.Pri Sch Kalubabanagar
27200201308,Z.P.Pri Sch Komadwadi
27200209501,Z.P.Pri Sch Matewadi
27200207601,Z.P.Pri Sch Pimpalgaon (Dha)
27200208001,Z.P.Pri Sch Rajderwadi
27200207202,Z.P.Pri Sch Ramaye Supada
27200201306,Z.P.Pri Sch Renukanagar (Devi)
27200201307,Z.P.Pri Sch Sharma Vasti
27200209201,Z.P.Pri Sch Sherisalayaban
27200209701,Z.P.Pri Sch Talegaon Rohi
27200210601,Z.P.Pri Sch Vadner Bhairav
27200211101,Z.P.Pri Sch Vijaynagar(Bhortek
27200210501,Z.P.Pri School Vadgaon Pangu
27200200201,Z.P.Pri School Adgaon
27200200101,Z.P.Pri School Ahirkhede
27200200301,Z.P.Pri School Asarkhede
27200200401,Z.P.Pri School Bahaduri
27200200402,Z.P.Pri School Bahadurwadi
27200200701,Z.P.Pri School Bhadane
27200208802,Z.P.Pri School Bhambarwadi
27200200702,Z.P.Pri School Bharat Nagar
27200200901,Z.P.Pri School Bhatgaon
27200201001,Z.P.Pri School Bhayale
27200201804,Z.P.Pri School Bidgar Vasti
27200200501,Z.P.Pri School Bopane
27200200601,Z.P.Pri School Borale
27200209102,Z.P.Pri School Borkhulnagar
27200207702,Z.P.Pri School Chamakwadi
27200201501,Z.P.Pri School Chikhalambe
27200207802,Z.P.Pri School Chikhali Vasti
27200206603,Z.P.Pri School Chinchbari
27200202001,Z.P.Pri School Dahane
27200201801,Z.P.Pri School Dahegaon
27200201901,Z.P.Pri School Dahiwad
27200203801,Z.P.Pri School Daraswadi
27200202301,Z.P.Pri School Daregaon
27200209703,Z.P.Pri School Datta Wadi
27200210802,Z.P.Pri School Dattanagar
27200201303,Z.P.Pri School Dawakharnagar
27200202201,Z.P.Pri School Devargaon
27200202101,Z.P.Pri School Devgaon
27200203802,Z.P.Pri School Dhangarwadi
27200202501,Z.P.Pri School Dhodambe
27200202701,Z.P.Pri School Dhondgavan
27200202601,Z.P.Pri School Dhotarkhede
27200201601,Z.P.Pri School Dighwad
27200202901,Z.P.Pri School Dongaon
27200202801,Z.P.Pri School Dongargaon
27200208805,Z.P.Pri School Dongarshet
27200204302,Z.P.Pri School Dudha Kendra
27200201701,Z.P.Pri School Dugaon
27200203001,Z.P.Pri School Ekrukhe
27200210602,Z.P.Pri School Ganesh Nagar
27200203201,Z.P.Pri School Gangave
27200206902,Z.P.Pri School Gangurdevasti
27200206502,Z.P.Pri School Gethewadi
27200210504,Z.P.Pri School Gojare Vasti
27200204001,Z.P.Pri School Gomacha Pada
27200210603,Z.P.Pri School Goraksh Nagar
27200203401,Z.P.Pri School Gurhale
27200201702,Z.P.Pri School Hanumanwadi
27200203601,Z.P.Pri School Harnul
27200203501,Z.P.Pri School Harsul
27200203701,Z.P.Pri School Hatti
27200203901,Z.P.Pri School Hivarkhede
27200204101,Z.P.Pri School Indrayewadi
27200205502,Z.P.Pri School Jadhav Wadi
27200208903,Z.P.Pri School Jagali Maharaj Vasti
27200204703,Z.P.Pri School Jagtap Vasti
27200204301,Z.P.Pri School Jaitapur
27200204201,Z.P.Pri School Jambutke
27200204401,Z.P.Pri School Jopul
27200205304,Z.P.Pri School Kadnor Vasti
27200205001,Z.P.Pri School Kajisanghavi
27200204501,Z.P.Pri School Kalamdare
27200204601,Z.P.Pri School Kalkhode
27200210305,Z.P.Pri School Kalwatvasti
27200204701,Z.P.Pri School Kanadgaon
27200210502,Z.P.Pri School Kandekar Vasti
27200203702,Z.P.Pri School Kanherwadi
27200204803,Z.P.Pri School Kanmandale
27200204901,Z.P.Pri School Katarwadi
27200205601,Z.P.Pri School Khadak Ozar
27200205501,Z.P.Pri School Khadakjamb
27200210605,Z.P.Pri School Khandalwadi
27200210307,Z.P.Pri School Khanderao Vasti
27200205701,Z.P.Pri School Kheldari
27200205101,Z.P.Pri School Kokankhede
27200205201,Z.P.Pri School Koltek
27200201805,Z.P.Pri School Korde Vasti
27200205301,Z.P.Pri School Kundalgaon
27200205401,Z.P.Pri School Kundane
27200207404,Z.P.Pri School Mahale Vasti
27200207902,Z.P.Pri School Mahipat Vasti
27200208204,Z.P.Pri School Malhar Vasti
27200205801,Z.P.Pri School Malsane
27200205901,Z.P.Pri School Mesankhede Bud
27200206001,Z.P.Pri School Mesankhede Khu
27200202502,Z.P.Pri School Mhasuchi Wadi
27200206601,Z.P.Pri School Nandurtek
27200206301,Z.P.Pri School Narayangaon
27200206401,Z.P.Pri School Narayankhede
27200203203,Z.P.Pri School Narote Vasti
27200206501,Z.P.Pri School Navapur
27200206201,Z.P.Pri School Nhanave
27200207402,Z.P.Pri School Nikam Vasti
27200206901,Z.P.Pri School Nimbale
27200206701,Z.P.Pri School Nimgavhan
27200206801,Z.P.Pri School Nimon
27200208002,Z.P.Pri School Panchwad Vasti
27200208703,Z.P.Pri School Pandharivasti
27200207001,Z.P.Pri School Panhale
27200207804,Z.P.Pri School Pansarevasti
27200207201,Z.P.Pri School Paregaon
27200207101,Z.P.Pri School Parsul
27200207301,Z.P.Pri School Pate
27200207401,Z.P.Pri School Patharshembe
27200204704,Z.P.Pri School Patil Mala
27200206903,Z.P.Pri School Patolevasti
27200207501,Z.P.Pri School Pimpalad
27200207701,Z.P.Pri School Pimpalnare
27200207801,Z.P.Pri School Puri
27200207901,Z.P.Pri School Rahud
27200208201,Z.P.Pri School Raipur
27200208202,Z.P.Pri School Ranmala
27200208101,Z.P.Pri School Rapali
27200208301,Z.P.Pri School Redgaon
27200208401,Z.P.Pri School Salsane
27200209704,Z.P.Pri School Samit
27200208801,Z.P.Pri School Shelu
27200208804,Z.P.Pri School Shelu Matha
27200210306,Z.P.Pri School Shewage Vasti
27200208901,Z.P.Pri School Shinde
27200210606,Z.P.Pri School Shinde Vasti
27200209001,Z.P.Pri School Shingave
27200209101,Z.P.Pri School Shirsane
27200209301,Z.P.Pri School Shirur
27200211002,Z.P.Pri School Shivaji Nagar
27200209401,Z.P.Pri School Shivare
27200208601,Z.P.Pri School Soni Sangavi
27200208701,Z.P.Pri School Sutarkhede
27200202503,Z.P.Pri School Tandalwadi
27200202402,Z.P.Pri School Tapanpada
27200209801,Z.P.Pri School Tisgaon
27200209901,Z.P.Pri School Urdhul
27200210001,Z.P.Pri School Uswad
27200210701,Z.P.Pri School Vaghdardi
27200210801,Z.P.Pri School Vahegaonsal
27200210901,Z.P.Pri School Vaki Budruk
27200211001,Z.P.Pri School Vaki Khurd
27200207502,Z.P.Pri School Valake Wadi
27200202703,Z.P.Pri School Vaykandewadi
27200211201,Z.P.Pri School Vitave
27200210608,Z.P.Pri. Sch. Vadner Girls
27200210611,Z.P.Pri. School. Khatwad Vasti
27200210609,Z.P.Pri. School. Kokantembhi
27200210612,Z.P.Pri. School. Malmatha Vasti
27200210101,Z.P.Primary School Vad
27200210401,Z.P.Primary School Vadbare
27200203301,Z.P.Primary School Goharan
27200210302,Z.P.Primary School Nagdhondi
27200210202,Z.P.Primary School Pawar Vasti
27200210301,Z.P.Primary School Vadalibhoi
27200210201,Z.P.Primary School Varadi
27200206602,Z.P.Prisch Nandurtekshedvasti
27200404217,Abhinav Bal Vikas Mandir Dindori
27200406704,Abhinav Bal Vikas Mandir Karanjwan
27200407804,Abhinav Bal Vikas Mandir Korhate
27200409404,Abhinav Bal Vikas Mandir Mohadi
27200410103,Abhinav Bal Vikas Mandir Nilwandi
27200415204,Abhinav Bal Vikas Mandir Varkheda
27200407005,Abhinav Balvikas Mandir Khedgaon
27200415111,Adarsh Eng.Med. School Vani
27200404212,Adarsh English Med.School Dindori
27200407006,Adarsh International School Khedgaon Tal Dindori
27200408402,Adarsh Madya Vidya Madkijam
27200415107,Adarsh Primary School Vani
27200412205,Anu Mad Ashram Sch Ravalgaon
27200401203,Anudanit Madhyamik Ashram School Bhanwad
27200414003,Arts & Comm. Jr. Collage Umrale Budrk
27200415114,Arts & Commerce College Vani
27200401202,Ashram School Bhanwad
27200406102,Ashram School Jopul
27200405804,Atma Malik Eng.Med.Gurukul Jaulke Dindori
27200409005,B.K.Kavle Mad.Vid.Rajaramnagar
27200404216,Balbharti Public School Dindori
27200404218,Balbharti Public School Shivajinagar Dindori
27200407004,Cha. Shivaji Ma.Vid.Khedgaon
27200402403,Chinchakhed High School
27200408803,Delhi Public School Manori
27200413602,Dn. Jyoti Kanya Ashr. Sch. Til
27200413603,Dn. Jyoti Kanya Mad Ashr. Sch. Til
27200403905,Global International School And Jr. Collage Nashik
27200403904,Global Public School And Jr. Collage Nashik
27200404208,Golden Days Universal School Dindori
27200414005,Golden Days Universal School Umrale Budruk Taluka Dindori
27200404215,Good Shepherd Academy English Medium School Dindori
27200412204,Gorakhnath Baba Ashr Ravalgaon
27200404222,Gurukul International School And Junior College Dindori
27200400706,Gurukul Mad.Ash. Karanji
27200400705,Gurukul Pri. Ash Karanji
27200414303,H.M.Mad.Vidyalaya Vare
27200400704,Hrushi Land English School Karanji
27200400703,Hrushi Land Sec School Karanji
27200400702,Hrushiland Pra. Viym. Karanji
27200408804,Jain International Gurukul Manori Taluka Dindori
27200405502,Janata Vidyalaya Jalkhed
27200404206,Janta English School Dindori
27200413802,Janta Vidalaya Tisgaon
27200400104,Janta Vidyalay Ahiwantwadi
27200410102,Janta Vidyalay Nilwandi
27200410203,Janta Vidyalay Ozarkhed
27200405203,Janta Vidyalaya Hanumantpada
27200406703,Janta Vidyalaya Karanjwan
27200407802,Janta Vidyalaya Korhate
27200408302,Janta Vidyalaya Lokhandewadi
27200409903,Janta Vidyalaya Nanashi
27200414002,Janta Vidyalaya Umrale Budruk
27200415203,Janta Vidyalaya Varkheda
27200404219,"Jupiter English Medium School Nilwandi Road, Dindori"
27200405902,K.R.Dokhale Ma.Vid.Jawalkevani
27200409403,K.R.T.High School Mohadi
27200415108,K.R.T.High School Vani
27200409006,Kadwa Eng.Med.School Rajaramnagar
27200408202,Kadwa English Sch Lakhamapur
27200411103,Kha. Mad.Ashram Pimpri Anchala
27200410803,Khajgi Mad. Ashram School Pand
27200404205,Khushiraj Primary Ashram School Dindori Taluka Dindori
27200415109,"Kisanlal Bora Eng.Med,Sch. Van"
27200415113,"Kisanlal Bora Sec Eng.Med,Sch. Van"
27200408802,Kishor Surya. Nat.Sch. Manori
27200408203,Lt. Ushatai Deshmukh Eng.Med.Sch.Lakhmapur
27200407402,Mad Vidyalaya Kochargaon
27200409802,Mad Vidyalaya Nalwadpada
27200406103,Mad. Ashram Sch. Jopul
27200408602,Mad. Vidyalay Maledumala
27200411302,Mad.Vid.Pimparkhed
27200410502,Madhamik Vidyalaya Pimpalpada
27200400802,Madhya. Vidya Awankhed
27200401702,Madyamic Va Uchha Madyamic Vidhya. Chachadgaon
27200402102,Madyamik Vidyalaya Chousale
27200403202,Madyamik Vidyalaya Devthan
27200403902,Madyamik Vidyalaya Dhakambe
27200405702,Mahatma Phule Vidyalaya Janori
27200412102,Matoshri Narmadabai Popatrao Dhage Vidyalay Rasegaon
27200407003,Navoday Vidyalaya Khedgaon
27200400502,New English School Ambe Dindor
27200410602,New English School Palkhed (Ba
27200414004,Nikx English Medium School Umrale Budruk
27200407803,Nirmiti Eng.School Korhate
27200409002,Nutan English Sch Matarewadi
27200411002,P Dharma.Patil Madvid Pimpalna
27200404221,Prakash Bapu Deshmukh Junior College Shivaji Nagar Dindori
27200409003,Prat Vidyamandir Rajaramnagar
27200411102,R.P.Pawar Gu.Ashram Pimpri An
27200413102,R.S.Vagh.Mad.Vidya.Sonjam
27200412002,Ramshej Mad Vidya Ashewadi
27200406602,Sane Guru.Mad.Vid.Karanjkhed
27200409102,Sant Dyaneshwar Mad Vid Mavdi
27200415112,Santaji Eng Med Mad Sch Vani
27200415106,Santaji Eng Med Pri Sch Vani
27200414302,Shamlatai Bidkar Ashram Vare
27200414304,Shamlatai Bidkar Mad. Ashram Vare
27200410002,Sharadraoji Pawar Secondary And Higher Sec.School Nigdol
27200401503,Shaskiy Aashram School Bopegao
27200403106,Shaskiy Ashram School Devsane
27200409702,Shaskiy Ashram School Nalegaon
27200410003,Shaskiy Ashram Shala Nigdol
27200413902,Shaskiy Ashram Thepanpada
27200413704,Shaskiy Ashram Titave
27200404502,Shaskiy Sec Ashram Sch Gandole
27200411303,Shaskiya Pra.Ash.Sch.Pimparkhed
27200409902,Shaskiya Sec Ashram Sch Nanashi
27200404220,Shri Eeshanyeshwar Vidyaniketan Nilwandi Road Dindori
27200407902,Shri Virbhadra Mdy.Vidya. Koshimbe
27200400602,Thakkar Baba Ashram Ambegan
27200400603,Thakkarbappa Madhyamic Ashram School Ambegan
27200410802,U.Patil.Guruji Ashram Pandane
27200413302,Unatti Mad.Vidya.Talegaon Dind
27200403903,Utkarsh Public School Dhakambe
27200404210,V.N.Naik Collage Dindori
27200408404,Vidyamandir Pri.Ashram School Madkijam
27200408405,Vidyamandir Sec.Ashram School Madkijam
27200412702,Z.P. Kalubaba Ashram ( Shindawad)
27200407405,Z.P. Pri. School Waghdara
27200402404,Z.P. Sch Zenphale Vasti(Chi.Khed)
27200408403,Z.P. Sch Bhavanimandir(Madkijam)
27200413202,Z.P. Sch Bhokar Pada (Talacha Pada)
27200415110,Z.P. Sch Boricha Pada (Wishrambag)
27200407403,Z.P. Sch Goldari ( Kochargaon)
27200405703,Z.P. Sch Indira Nagar (Janori)
27200403603,Z.P. Sch Nalichi Vadi (Dagur Ga.)
27200407404,Z.P. Sch Patryacha Pada (Koch.Gaon)
27200407602,Z.P. Sch Shivpada (Kokangaon Khurd)
27200401703,Z.P. Sch Waghadvasti (Chachadgaon)
27200411601,Z.P.Pri Sch Pofhalwade
27200413301,Z.P.Pri Sch Talegaon Dindori
27200400101,Z.P.Pri School Ahiwantwadi
27200400201,Z.P.Pri School Akarale
27200403602,Z.P.Pri School Alandi Dam
27200400301,Z.P.Pri School Amabad
27200400401,Z.P.Pri School Ambaner
27200400501,Z.P.Pri School Ambe Dindori
27200400601,Z.P.Pri School Ambegan
27200400701,Z.P.Pri School Ambevani
27200412001,Z.P.Pri School Ashewadi
27200400102,Z.P.Pri School Aswali Pada
27200413402,Z.P.Pri School Autale
27200400801,Z.P.Pri School Awankhed
27200400901,Z.P.Pri School Babapur
27200401001,Z.P.Pri School Badgicha Pada
27200401101,Z.P.Pri School Bandharpada
27200402402,Z.P.Pri School Belbag
27200401201,Z.P.Pri School Bhanwad
27200401301,Z.P.Pri School Bhatode
27200401401,Z.P.Pri School Bhoracha Pada
27200401501,Z.P.Pri School Bopegaon
27200401601,Z.P.Pri School Borwan
27200413703,Z.P.Pri School Bramhacha Pada
27200401701,Z.P.Pri School Chachadgaon
27200401801,Z.P.Pri School Chamdari
27200401901,Z.P.Pri School Chandikapur
27200403103,Z.P.Pri School Charanwadi
27200402001,Z.P.Pri School Charose
27200402201,Z.P.Pri School Chikadi
27200402301,Z.P.Pri School Chilharpada
27200406803,Z.P.Pri School Chimanpada
27200402401,Z.P.Pri School Chinchakhed
27200402101,Z.P.Pri School Chousale
27200412202,Z.P.Pri School Dahachi Wadi
27200402801,Z.P.Pri School Dahare
27200402601,Z.P.Pri School Dahegaon
27200402701,Z.P.Pri School Dahivi
27200402901,Z.P.Pri School Deherwadi
27200403501,Z.P.Pri School Devghar
27200403401,Z.P.Pri School Devlichapada
27200403101,Z.P.Pri School Devsane
27200403201,Z.P.Pri School Devthan
27200403601,Z.P.Pri School Dhagur Ga.
27200403701,Z.P.Pri School Dhagur Nave
27200403901,Z.P.Pri School Dhakambe
27200404001,Z.P.Pri School Dhamanwadi
27200401302,Z.P.Pri School Dharambarda
27200403801,Z.P.Pri School Dhaur
27200404101,Z.P.Pri School Dhondalpada
27200404201,Z.P.Pri School Dindori No 1
27200404202,Z.P.Pri School Dindori No 3
27200404301,Z.P.Pri School Eklahare
27200404401,Z.P.Pri School Fhofhashi
27200404501,Z.P.Pri School Gandole
27200404601,Z.P.Pri School Ganorwadi
27200408503,Z.P.Pri School Gavalipada
27200404701,Z.P.Pri School Gavalwadi
27200412203,Z.P.Pri School Gayachi Wadi
27200404504,Z.P.Pri School Ghatalbari
27200405101,Z.P.Pri School Ghodewadi
27200404901,Z.P.Pri School Golashi
27200405001,Z.P.Pri School Gondegaon
27200405802,Z.P.Pri School Hanuman Nagar
27200405202,Z.P.Pri School Hanumantpada
27200405201,Z.P.Pri School Haste
27200405301,Z.P.Pri School Hatnore
27200404203,Z.P.Pri School Indira Nagar
27200405401,Z.P.Pri School Indore
27200405501,Z.P.Pri School Jalkhed
27200405601,Z.P.Pri School Jambutke
27200405701,Z.P.Pri School Janori
27200405801,Z.P.Pri School Jaulke Dindori
27200405901,Z.P.Pri School Jawalke Vani
27200406001,Z.P.Pri School Jirwade
27200406101,Z.P.Pri School Jopul
27200406201,Z.P.Pri School Joran
27200406301,Z.P.Pri School Joranpada
27200406401,Z.P.Pri School Kadwa Mhalungi
27200406501,Z.P.Pri School Karanjali
27200403001,Z.P.Pri School Karanjali Pada
27200406601,Z.P.Pri School Karanjkhed
27200406701,Z.P.Pri School Karanjwan
27200401502,Z.P.Pri School Kawalewadi
27200406901,Z.P.Pri School Khadaksukane
27200407201,Z.P.Pri School Khatwad
27200407101,Z.P.Pri School Khedale
27200407001,Z.P.Pri School Khedgaon
27200407301,Z.P.Pri School Khoripada
27200407401,Z.P.Pri School Kochargaon
27200407501,Z.P.Pri School Kokangaon
27200407502,Z.P.Pri School Kokangaon (Ga)
27200407601,Z.P.Pri School Kokangaon Khurd
27200407701,Z.P.Pri School Kolher
27200407702,Z.P.Pri School Kolherpada
27200415202,Z.P.Pri School Kombadwadi
27200407801,Z.P.Pri School Korhate
27200407901,Z.P.Pri School Kosheembe
27200408001,Z.P.Pri School Krushanagaon
27200406801,Z.P.Pri School Kuadasar
27200413001,Z.P.Pri School Kukadpedha
27200414702,Z.P.Pri School Kunticha Pada
27200408101,Z.P.Pri School Kurnoli
27200409905,Z.P.Pri School Kuyeambi
27200408201,Z.P.Pri School Lakhmapur
27200408301,Z.P.Pri School Lokhandewadi
27200408401,Z.P.Pri School Madakijam
27200408501,Z.P.Pri School Mahaje
27200408601,Z.P.Pri School Maledumala
27200408701,Z.P.Pri School Malegaonkaji
27200408901,Z.P.Pri School Mandane
27200415105,Z.P.Pri School Mangoholepada
27200408801,Z.P.Pri School Manori
27200409001,Z.P.Pri School Matarewadi
27200409101,Z.P.Pri School Mavdi
27200409402,Z.P.Pri School Mohadi No 2
27200409301,Z.P.Pri School Mokhnal
27200402103,Z.P.Pri School Molvihir
27200403102,Z.P.Pri School Morvanpada
27200409501,Z.P.Pri School Mulane
27200409701,Z.P.Pri School Nalegaon
27200409601,Z.P.Pri School Nalwadi
27200409801,Z.P.Pri School Nalwadpada
27200409901,Z.P.Pri School Nanashi
27200406802,Z.P.Pri School Nichayepada
27200410001,Z.P.Pri School Nigdol
27200410101,Z.P.Pri School Nilwandi
27200410201,Z.P.Pri School Ozarkhed
27200410301,Z.P.Pri School Oze
27200410401,Z.P.Pri School Pade
27200410601,Z.P.Pri School Palkhed
27200410801,Z.P.Pri School Pandane
27200410701,Z.P.Pri School Parmori
27200404801,Z.P.Pri School Payarpada
27200410901,Z.P.Pri School Pimpalgaon Dhum
27200411001,Z.P.Pri School Pimpalnare
27200410501,Z.P.Pri School Pimpalpada
27200411501,Z.P.Pri School Pimparaj
27200411301,Z.P.Pri School Pimparkhed
27200411101,Z.P.Pri School Pimpri Anchala
27200402501,Z.P.Pri School Pimpri Pada
27200411401,Z.P.Pri School Pingalwadi
27200411701,Z.P.Pri School Punegaon
27200411801,Z.P.Pri School Radtondi
27200411901,Z.P.Pri School Rajapur
27200407002,Z.P.Pri School Rajivnagar
27200412402,Z.P.Pri School Ramnagar
27200403105,Z.P.Pri School Ranpada
27200412101,Z.P.Pri School Rasegaon
27200412201,Z.P.Pri School Ravalgaon
27200400402,Z.P.Pri School Sagpada
27200412401,Z.P.Pri School Sangamner
27200412501,Z.P.Pri School Sarsale
27200409906,Z.P.Pri School Sawarpada
27200402802,Z.P.Pri School Sawarpatali
27200412701,Z.P.Pri School Shindawad
27200412601,Z.P.Pri School Shindpada
27200409302,Z.P.Pri School Shingarpada
27200412901,Z.P.Pri School Shivarpada
27200412801,Z.P.Pri School Shivnaye
27200401002,Z.P.Pri School Shivpada
27200408502,Z.P.Pri School Shrungarpada
27200413101,Z.P.Pri School Sonjam
27200411602,Z.P.Pri School Suryagad
27200402702,Z.P.Pri School Takacha Pada
27200413201,Z.P.Pri School Talacha Oada
27200413401,Z.P.Pri School Talegaon Vani
27200413501,Z.P.Pri School Tetmal
27200413901,Z.P.Pri School Thepanpada
27200415103,Z.P.Pri School Tikadipada
27200413801,Z.P.Pri School Tisgaon
27200413701,Z.P.Pri School Titave
27200412003,Z.P.Pri School Tungaldara
27200414001,Z.P.Pri School Umrale Budruk
27200414101,Z.P.Pri School Umrale Khurd
27200414401,Z.P.Pri School Vaghad
27200414201,Z.P.Pri School Vaglud
27200414601,Z.P.Pri School Valkhed
27200414701,Z.P.Pri School Vanare
27200414801,Z.P.Pri School Vanarwadi
27200415101,Z.P.Pri School Vani Boys
27200415102,Z.P.Pri School Vani Girls
27200415001,Z.P.Pri School Vani Khurd
27200414901,Z.P.Pri School Vanjule
27200400103,Z.P.Pri School Vanjulpada
27200414301,Z.P.Pri School Vare
27200415201,Z.P.Pri School Varkheda
27200415301,Z.P.Pri School Varvandi
27200415401,Z.P.Pri School Vilvandi
27200415402,Z.P.Pri School Vilvandipada
27200415104,Z.P.Pri School Wishrambag
27200415501,Z.P.Pri School Zarlipada
27200411201,Z.P.Pri. School Pimpalgoan Ketaki
27200413601,Z.P.Pri. School Tilloli
27200409201,Z.P.Pri.School Mheluske
27200413702,Z.P.Pri.School Nagaipada
27200412301,Z.P.Primary School Sadrale
27200410603,Z.P.Sch Irrigation Colony( Palkhed)
27200404102,Z.P.Sch Upilpada (Dhondalpada)
27200413803,Z.P.School Vadwadi ( Tisgaon)